[{"schemeId":28,"schemeName":"Default","adapterType":"workdayuni","group":null,"active":false,"adapterMetadataList":[{"metadataId":338,"metadataKey":"issuetype","metadataValue":"all worker data for connectall"}],"requestHeaders":[],"restTemplates":{"QUERY_MODIFIED_RECORDS":{"templateId":1351,"operation":"QUERY_MODIFIED_RECORDS","httpVerb":"GET","restUrl":"ccx/service/customreport2/broadcom_gms3/lmcneil/all_worker_data_for_connectall?format=json&Hire_Date=${last-modified-time}&connectalllud=${last-modified-time}","specifications":{"Response":{"specId":2672,"type":"Response","adapterType":null,"specType":"JOLT","status":"Draft","specification":"[\n  {\n    \"operation\": \"shift\",\n    \"spec\": {\n      \"Report_Entry\": {\n        \"*\": {\n          \"@\": \"result[&1].fields\",\n          \"Employee_ID\": \"result[&1].id\"\n       \n        }\n      },\n      \"_totalCount\": \"totalrecords\"\n    }\n  }, {\n    \"operation\": \"modify-overwrite-beta\",\n    \"spec\": {\n      \"result\": {\n        \"*\": {\n          \"fields\": {\n            \"*\": \"=lastElement(@(1,&))\"\n\n          }\n        }\n      }\n    }\n  }\n]\n","samplePayload":"{\n    \"Report_Entry\": [\n        {\n    \"First_Name\": \"Steve\",\n            \"Full_Name\": \"Steve Morgan\",\n            \"Effective_Date\": \"2025-07-08\",\n            \"Last_Name\": \"Morgan\",\n            \"LastUpdate\": \"2025-07-04T08:33:20.044-07:00\",\n            \"Employee_ID\": \"21002\",\n            \"Hire_Date\": \"2000-01-01\",\n            \"Manager\": \"Steve Morgan\",\n            \"Role_Name\": \"Employee\",\n            \"email\": \"smorgan@workday.com\"\n        }]}","statusCode":0,"contentAvailable":true},"Request":{"specId":2671,"type":"Request","adapterType":null,"specType":null,"status":"Draft","specification":null,"samplePayload":null,"statusCode":0,"contentAvailable":false}}},"QUERY_RECORD_BY_ID":{"templateId":1350,"operation":"QUERY_RECORD_BY_ID","httpVerb":"GET","restUrl":"ccx/service/customreport2/broadcom_gms3/lmcneil/all_worker_data_for_connectall?format=json&Employee_ID=${recordId}","specifications":{"Response":{"specId":2670,"type":"Response","adapterType":null,"specType":"JOLT","status":"Draft","specification":"[\n  {\n    \"operation\": \"shift\",\n    \"spec\": {\n      \"Employee_ID\": \"id\",\n      \"*\": {\n        \"id\": \"fields.&(1)\",\n     \n        \"@\": \"fields.&\"\n      }\n    }\n  },\n  {\n    \"operation\": \"modify-overwrite-beta\",\n    \"spec\": {\n      \"fields\": {\n        \"*\": \"=lastElement(@(1,&))\"\n      }\n    }\n  },\n  {\n    \"operation\": \"modify-overwrite-beta\",\n    \"spec\": {\n      \"fields\": {\n        \"*\": \"=toString\"\n      },\n      \"id\": \"=toString\"\n    }\n  },\n  {\n    \"operation\": \"remove\",\n    \"spec\": {\n      \"fields\": {\n        \"_links\": \"\"\n      }\n    }\n  }\n]","samplePayload":"{\n    \"Report_Entry\": [\n        {\n            \"First_Name\": \"A\",\n            \"Last_Name\": \"T\",\n            \"LastUpdate\": \"2025-03-28T23:33:01.283-07:00\",\n            \"Employee_ID\": \"21548\",\n            \"Hire_Date\": \"2023-04-03\",\n            \"Manager\": \"Enrique Vasquez\",\n            \"Role_Name\": \"Contingent Worker\"\n        }\n    ]\n}","statusCode":0,"contentAvailable":true},"Request":{"specId":2669,"type":"Request","adapterType":null,"specType":null,"status":"Draft","specification":null,"samplePayload":null,"statusCode":0,"contentAvailable":false}}},"UPDATE_RECORD":{"templateId":1352,"operation":"UPDATE_RECORD","httpVerb":"POST","restUrl":"notapplicable","specifications":{"Response":{"specId":2674,"type":"Response","adapterType":null,"specType":null,"status":"Draft","specification":null,"samplePayload":null,"statusCode":0,"contentAvailable":false},"Request":{"specId":2673,"type":"Request","adapterType":null,"specType":"None","status":"Draft","specification":"[]","samplePayload":"[]","statusCode":0,"contentAvailable":true}}},"CREATE_RECORD":{"templateId":1353,"operation":"CREATE_RECORD","httpVerb":"PUT","restUrl":"notapplicable","specifications":{"Response":{"specId":2676,"type":"Response","adapterType":null,"specType":null,"status":"Draft","specification":null,"samplePayload":null,"statusCode":0,"contentAvailable":false},"Request":{"specId":2675,"type":"Request","adapterType":null,"specType":"None","status":"Draft","specification":"[]","samplePayload":"[]","statusCode":0,"contentAvailable":true}}}},"default":false}]