{"iso8601DateFormat":false,"callBackUrlConfigured":false,"callBackUrls":null,"apiProvider":"ExternalApplication","applicationType":null,"urlDescription":"","userNameDescription":"","passwordDescription":"","paginationSupported":false,"paginationAttributes":null,"status":"Active","active":true,"syncModel":"ReadWrite","multiProjectSupported":false,"projectLoginRequired":false,"version":null,"displayName":"workdayreportuni1","type":"workdayuni","logo":"Workday-Symbol_2.png","logoSmall":"Workday-Symbol_3.png","metadata":[{"name":"issuetype","dependent":false,"dependentMetadata":null,"values":[{"id":"all worker data for connectall","name":"all_worker_data_for_connectall","attributeName":null,"referenceType":null,"dependents":null,"attributes":null,"fieldIdRef":null,"regex":false}],"apiConfig":null}],"fields":[{"id":"First_Name","name":"First_Name","datatype":"String","values":null},{"id":"Full_Name","name":"Full_Name","datatype":"String","values":null},{"id":"connectalllud","name":"connectalllud","datatype":"String","values":null},{"id":"Last_Name","name":"Last_Name","datatype":"String","values":null},{"id":"Employee_ID","name":"Employee_ID","datatype":"String","values":null},{"id":"Hire_Date","name":"Hire_Date","datatype":"Datetime","values":null},{"id":"Manager","name":"Manager","datatype":"String","values":null},{"id":"Role_Name","name":"Role_Name","datatype":"String","values":null},{"id":"email","name":"email","datatype":"String","values":null},{"id":"termination_date","name":"termination_date","datatype":"Datetime","values":null}],"loginOptions":[],"idFieldName":"Employee_ID","titleFieldName":"First_Name","projectFieldName":"","artifactFieldName":"issuetype","testStepsFieldName":null,"changedDateFieldName":"connectalllud","dateFormat":"dd-MM-yyyy","dateTimeFormat":"yyyy-MM-dd'T'HH:mm:ss.SSSXXX","queryDateFormat":"yyyy-MM-dd'T'HH:mm:ss.SSSXXX","queryDateFormatType":"DATE_TIME_FORMAT","commentFieldName":null,"commentFieldId":null,"attachmentFieldName":null,"attachmentFieldId":null,"apiVersion":null,"commentSyncSupported":false,"attachmentSyncSupported":false,"availableRestOperations":null,"conjunctionOperator":"","global":true,"tenantList":null,"multivariateMappingSupported":false}